"Categorie","Produit","Prix","Fichier"
"Autres produits","Aspirateur cyclonique puissant","6500","photos/Autres produits/001-Aspirateur-cyclonique-puissant-6500.png"
"Autres produits","Matelas gonflable double","11000","photos/Autres produits/002-Matelas-gonflable-double-11000.jpg"
"Autres produits","Matelas gonflable voiture","12000","photos/Autres produits/003-Matelas-gonflable-voiture-12000.png"
"Autres produits","Lampe de camping solaire LED","3500","photos/Autres produits/004-Lampe-de-camping-solaire-LED-3500.png"
"Autres produits","Lampe murale solaire intelligente","7500","photos/Autres produits/005-Lampe-murale-solaire-intelligente-7500.png"
"Autres produits","Lampe solaire d exterieur","7500","photos/Autres produits/006-Lampe-solaire-d-exterieur-7500.png"
"Autres produits","Lampe solaire haute performance","3500","photos/Autres produits/007-Lampe-solaire-haute-performance-3500.png"
"Autres produits","Lampe solaire portable","5500","photos/Autres produits/008-Lampe-solaire-portable-5500.png"
"Autres produits","Projecteur LED solaire","7000","photos/Autres produits/009-Projecteur-LED-solaire-7000.png"
"Autres produits","Projecteur solaire LED puissant","6500","photos/Autres produits/010-Projecteur-solaire-LED-puissant-6500.png"
"Autres produits","Ventilateur LED camping 3 en 1","5500","photos/Autres produits/011-Ventilateur-LED-camping-3-en-1-5500.png"
"Autres produits","Bouteille isotherme","3500","photos/Autres produits/012-Bouteille-isotherme-3500.png"
"Autres produits","Bouteille isotherme acier inoxydable","5000","photos/Autres produits/013-Bouteille-isotherme-acier-inoxydable-5000.png"
"Autres produits","Gourde isolee sport","3000","photos/Autres produits/014-Gourde-isolee-sport-3000.png"
"Autres produits","Gourde isotherme coloree","3000","photos/Autres produits/015-Gourde-isotherme-coloree-3000.png"
"Autres produits","Cle a douilles universelle 8 en 1","3000","photos/Autres produits/016-Cle-a-douilles-universelle-8-en-1-3000.png"
"Autres produits","Devidoir de tuyau portable","12000","photos/Autres produits/017-Devidoir-de-tuyau-portable-12000.png"
"Autres produits","Pompe a air electrique compacte","2500","photos/Autres produits/018-Pompe-a-air-electrique-compacte-2500.png"
"Autres produits","Pompe a main puissante polyvalente","2000","photos/Autres produits/019-Pompe-a-main-puissante-polyvalente-2000.png"
"Beaute","Boucleur automatique rapide","7000","photos/Beaute/001-Boucleur-automatique-rapide-7000.png"
"Beaute","Boucleur francais 30 secondes","6000","photos/Beaute/002-Boucleur-francais-30-secondes-6000.png"
"Beaute","Brosse soufflante 3 en 1","6500","photos/Beaute/003-Brosse-soufflante-3-en-1-6500.png"
"Beaute","Hot air styler 5 en 1","7500","photos/Beaute/004-Hot-air-styler-5-en-1-7500.png"
"Beaute","Peigne coiffant 3 en 1","3500","photos/Beaute/005-Peigne-coiffant-3-en-1-3500.png"
"Beaute","Seche cheveux sans fil 2 en 1","8000","photos/Beaute/006-Seche-cheveux-sans-fil-2-en-1-8000.png"
"Beaute","Appareil de massage raffermissant 4 en 1","5500","photos/Beaute/007-Appareil-de-massage-raffermissant-4-en-1-5500.png"
"Beaute","Bustier amincissant","5000","photos/Beaute/008-Bustier-amincissant-5000.png"
"Beaute","Bustier amincissant sans bretelles","5000","photos/Beaute/009-Bustier-amincissant-sans-bretelles-5000.png"
"Beaute","Eclairage miroir parfait","0","photos/Beaute/010-Eclairage-miroir-parfait-0000.png"
"Beaute","Miroir de maquillage LED","3000","photos/Beaute/011-Miroir-de-maquillage-LED-3000.png"
"Beaute","Organisateur cosmetique rotatif 360","7000","photos/Beaute/012-Organisateur-cosmetique-rotatif-360-7000.png"
"Beaute","Organisateur maquillage elegant","7500","photos/Beaute/013-Organisateur-maquillage-elegant-7500.png"
"Beaute","Support de manucure avec loupe et lumiere","5000","photos/Beaute/014-Support-de-manucure-avec-loupe-et-lumiere-5000.png"
"Cuisine","Blender 2 en 1","15000","photos/Cuisine/001-Blender-2-en-1-15000.png"
"Cuisine","Hachoir a ail rapide","2500","photos/Cuisine/002-Hachoir-a-ail-rapide-2500.png"
"Cuisine","Hachoir electrique 3L","8500","photos/Cuisine/003-Hachoir-electrique-3L-8500.jpg"
"Cuisine","Hachoir electrique intelligent sans fil","2500","photos/Cuisine/004-Hachoir-electrique-intelligent-sans-fil-2500.png"
"Cuisine","Hachoir electrique multifonction","9500","photos/Cuisine/005-Hachoir-electrique-multifonction-9500.png"
"Cuisine","Hachoir polyvalent manuel","5000","photos/Cuisine/006-Hachoir-polyvalent-manuel-5000.png"
"Cuisine","Mini blender portable","3500","photos/Cuisine/007-Mini-blender-portable-3500.png"
"Cuisine","Mixeur electrique sans fil","4000","photos/Cuisine/008-Mixeur-electrique-sans-fil-4000.png"
"Cuisine","Mixeur multifonction","6000","photos/Cuisine/009-Mixeur-multifonction-6000.png"
"Cuisine","Moulin multifonction","6000","photos/Cuisine/010-Moulin-multifonction-6000.png"
"Cuisine","Batteur a oeufs electrique sans fil","4500","photos/Cuisine/011-Batteur-a-oeufs-electrique-sans-fil-4500.png"
"Cuisine","Batteur electrique portatif","6000","photos/Cuisine/012-Batteur-electrique-portatif-6000.png"
"Cuisine","Batteur electrique portatif blanc","5000","photos/Cuisine/013-Batteur-electrique-portatif-blanc-5000.png"
"Cuisine","Batteur electrique pour patisserie","5000","photos/Cuisine/014-Batteur-electrique-pour-patisserie-5000.png"
"Cuisine","Batteur electrique sans fil 2 en 1","5000","photos/Cuisine/015-Batteur-electrique-sans-fil-2-en-1-5000.png"
"Cuisine","Batteur manuel","3500","photos/Cuisine/016-Batteur-manuel-3500.png"
"Cuisine","Melangeur manuel","3000","photos/Cuisine/017-Melangeur-manuel-3000.png"
"Cuisine","Cafetiere electrique turque","3500","photos/Cuisine/018-Cafetiere-electrique-turque-3500.png"
"Cuisine","Ensemble de batterie de cuisine 10 pieces","12000","photos/Cuisine/019-Ensemble-de-batterie-de-cuisine-10-pieces-12000.png"
"Cuisine","Lunch box electrique","7000","photos/Cuisine/020-Lunch-box-electrique-7000.png"
"Cuisine","Robinet electrique chauffage instantane","12000","photos/Cuisine/021-Robinet-electrique-chauffage-instantane-12000.png"
"Cuisine","Coupe frites polyvalent","3500","photos/Cuisine/022-Coupe-frites-polyvalent-3500.png"
"Cuisine","Mandoline de cuisine multifonction","6000","photos/Cuisine/023-Mandoline-de-cuisine-multifonction-6000.png"
"Cuisine","Presse agrumes electrique","5500","photos/Cuisine/024-Presse-agrumes-electrique-5500.png"
"Cuisine","Rape a mais multifonction","2500","photos/Cuisine/025-Rape-a-mais-multifonction-2500.png"
"Cuisine","Trancheur d ananas","1500","photos/Cuisine/026-Trancheur-d-ananas-1500.png"
"Cuisine","Trancheuse a fromage tout en un","4000","photos/Cuisine/027-Trancheuse-a-fromage-tout-en-un-4000.png"
"Cuisine","Boite a riz anti insectes","9000","photos/Cuisine/028-Boite-a-riz-anti-insectes-9000.png"
"Cuisine","Boites a epices magnetiques","3000","photos/Cuisine/029-Boites-a-epices-magnetiques-3000.png"
"Cuisine","DISTRIBUTEUR DE RIZ 12L GRANDE CAPACITE","10000","photos/Cuisine/030-DISTRIBUTEUR-DE-RIZ-12L-GRANDE-CAPACITE-10000.png"
"Cuisine","Egouttoir a couverts","3500","photos/Cuisine/031-Egouttoir-a-couverts-3500.png"
"Cuisine","Egouttoir reglable pour evier","4000","photos/Cuisine/032-Egouttoir-reglable-pour-evier-4000.png"
"Cuisine","Etagere de rangement 3 niveaux","3500","photos/Cuisine/033-Etagere-de-rangement-3-niveaux-3500.png"
"Cuisine","Etagere reglable sous evier","5000","photos/Cuisine/034-Etagere-reglable-sous-evier-5000.png"
"Cuisine","Filtre a eau transparent","5000","photos/Cuisine/035-Filtre-a-eau-transparent-5000.png"
"Cuisine","Organisateur de cuisine rotatif","4000","photos/Cuisine/036-Organisateur-de-cuisine-rotatif-4000.png"
"Cuisine","Pot a epices retractable","1500","photos/Cuisine/037-Pot-a-epices-retractable-1500.png"
"Cuisine","Balance de cuisine numerique","3500","photos/Cuisine/038-Balance-de-cuisine-numerique-3500.png"
"Cuisine","Planche a decouper antibacterienne","7000","photos/Cuisine/039-Planche-a-decouper-antibacterienne-7000.png"
"Cuisine","Hachage rapide cuisine facile","2500","photos/Cuisine/040-Hachage-rapide-cuisine-facile-2500.png"
"Eclairage","Lampe magnetique pour selfie","4000","photos/Eclairage/001-Lampe-magnetique-pour-selfie-4000.png"
"Eclairage","Perche a selfie R1S L","3000","photos/Eclairage/002-Perche-a-selfie-R1S-L-3000.jpg"
"Eclairage","Ring light 14 pouces","7500","photos/Eclairage/003-Ring-light-14-pouces-7500.png"
"Eclairage","Ring light 18 pouces","15000","photos/Eclairage/004-Ring-light-18-pouces-15000.png"
"Eclairage","Ring light LED 12 pouces","6000","photos/Eclairage/005-Ring-light-LED-12-pouces-6000.png"
"Eclairage","Ring light RGB 14 pouces","7500","photos/Eclairage/006-Ring-light-RGB-14-pouces-7500.png"
"Eclairage","Ring light RGB 18 pouces","15000","photos/Eclairage/007-Ring-light-RGB-18-pouces-15000.png"
"Eclairage","Selfie stick avec double lumiere","5500","photos/Eclairage/008-Selfie-stick-avec-double-lumiere-5500.png"
"Eclairage","Trepied leger multifonction","3500","photos/Eclairage/009-Trepied-leger-multifonction-3500.png"
"Eclairage","Trepied suiveur intelligent","9500","photos/Eclairage/010-Trepied-suiveur-intelligent-9500.png"
"Eclairage","Eclairage LED professionnel","9500","photos/Eclairage/011-Eclairage-LED-professionnel-9500.png"
"Eclairage","Eclairage LED rechargeable","23000","photos/Eclairage/012-Eclairage-LED-rechargeable-23000.png"
"Eclairage","Eclairage parfait pour creations","18000","photos/Eclairage/013-Eclairage-parfait-pour-creations-18000.png"
"Eclairage","Lampe d eclairage photo et direct PL 48","13500","photos/Eclairage/014-Lampe-d-eclairage-photo-et-direct-PL-48-13500.png"
"Eclairage","Lampe de remplissage RGB a clip","4000","photos/Eclairage/015-Lampe-de-remplissage-RGB-a-clip-4000.png"
"Eclairage","Lampe video LED RL 1800","13000","photos/Eclairage/016-Lampe-video-LED-RL-1800-13000.png"
"Eclairage","Lampe video LED RL 900","10000","photos/Eclairage/017-Lampe-video-LED-RL-900-10000.png"
"Eclairage","Lumiere LED RGB studio","20000","photos/Eclairage/018-Lumiere-LED-RGB-studio-20000.png"
"Eclairage","Lumiere spot RGB sans filtre","15000","photos/Eclairage/019-Lumiere-spot-RGB-sans-filtre-15000.png"
"Eclairage","Bande LED 10 metres","5500","photos/Eclairage/020-Bande-LED-10-metres-5500.png"
"Eclairage","Bande LED neon 360","9500","photos/Eclairage/021-Bande-LED-neon-360-9500.png"
"Eclairage","Bande lumineuse neon silicone","5500","photos/Eclairage/022-Bande-lumineuse-neon-silicone-5500.png"
"Eclairage","Guirlande lumineuse LED 5 m","4500","photos/Eclairage/023-Guirlande-lumineuse-LED-5-m-4500.png"
"Eclairage","Ruban LED intelligent","4500","photos/Eclairage/024-Ruban-LED-intelligent-4500.png"
"Eclairage","Lampe d appoint LED professionnelle","9000","photos/Eclairage/025-Lampe-d-appoint-LED-professionnelle-9000.png"
"Maison","Aspirateur a acariens et masseur tactile","9500","photos/Maison/001-Aspirateur-a-acariens-et-masseur-tactile-9500.png"
"Maison","Aspirateur sans fil voiture","6500","photos/Maison/002-Aspirateur-sans-fil-voiture-6500.png"
"Maison","Lampe ventilateur 2 en 1","5000","photos/Maison/003-Lampe-ventilateur-2-en-1-5000.png"
"Maison","Mini climatiseur portable","5000","photos/Maison/004-Mini-climatiseur-portable-5000.png"
"Maison","Mini ventilateur brumisateur","2500","photos/Maison/005-Mini-ventilateur-brumisateur-2500.png"
"Maison","Refroidisseur d air ultra rapide","6500","photos/Maison/006-Refroidisseur-d-air-ultra-rapide-6500.png"
"Maison","Ventilateur a pince flexible","2000","photos/Maison/007-Ventilateur-a-pince-flexible-2000.png"
"Maison","Ventilateur de bureau pliable","3500","photos/Maison/008-Ventilateur-de-bureau-pliable-3500.png"
"Maison","Ventilateur portable humidificateur","6000","photos/Maison/009-Ventilateur-portable-humidificateur-6000.png"
"Maison","Balai rotatif lavage essorage","7500","photos/Maison/010-Balai-rotatif-lavage-essorage-7500.png"
"Maison","Brosse de nettoyage electrique 7 en 1","9500","photos/Maison/011-Brosse-de-nettoyage-electrique-7-en-1-9500.png"
"Maison","Diffuseur d arome effet flamme","5000","photos/Maison/012-Diffuseur-d-arome-effet-flamme-5000.png"
"Maison","Diffuseur d aromes effet flamme realiste","6500","photos/Maison/013-Diffuseur-d-aromes-effet-flamme-realiste-6500.png"
"Maison","Humidificateur cristal","5000","photos/Maison/014-Humidificateur-cristal-5000.png"
"Maison","Humidificateur d air 16 h","7000","photos/Maison/015-Humidificateur-d-air-16-h-7000.png"
"Maison","Humidificateur d air lumineux","3500","photos/Maison/016-Humidificateur-d-air-lumineux-3500.png"
"Maison","Humidificateur et projecteur etoile","4000","photos/Maison/017-Humidificateur-et-projecteur-etoile-4000.png"
"Maison","Ampoule anti moustiques","2000","photos/Maison/018-Ampoule-anti-moustiques-2000.png"
"Maison","Camera de securite 360","9500","photos/Maison/019-Camera-de-securite-360-9500.png"
"Maison","Fer a repasser electrique haute performance","7500","photos/Maison/020-Fer-a-repasser-electrique-haute-performance-7500.png"
"Maison","Lampe acrylique lumineuse LED","5000","photos/Maison/021-Lampe-acrylique-lumineuse-LED-5000.png"
"Maison","Lampe de bureau led portable","3000","photos/Maison/022-Lampe-de-bureau-led-portable-3000.png"
"Maison","Lampe de nuit a detection ventouse","2500","photos/Maison/023-Lampe-de-nuit-a-detection-ventouse-2500.png"
"Maison","Mini machine a coudre","8500","photos/Maison/024-Mini-machine-a-coudre-8500.png"
"Maison","Pompe a eau elegante","3000","photos/Maison/025-Pompe-a-eau-elegante-3000.png"
"Maison","Porte bebe securise et confortable","5000","photos/Maison/026-Porte-bebe-securise-et-confortable-5000.png"
"Maison","Porte brosse a dents intelligent","6500","photos/Maison/027-Porte-brosse-a-dents-intelligent-6500.png"
"Maison","Rasoir anti bouloches","2500","photos/Maison/028-Rasoir-anti-bouloches-2500.png"
"Maison","Support mural TV pour ecran plat","3500","photos/Maison/029-Support-mural-TV-pour-ecran-plat-3500.png"
"Maison","Support mural TV reglable","3000","photos/Maison/030-Support-mural-TV-reglable-3000.png"
"Rangement","Etagere a chaussures 20 paires","8500","photos/Rangement/001-Etagere-a-chaussures-20-paires-8500.png"
"Rangement","Etagere a chaussures 3 en 1","7500","photos/Rangement/002-Etagere-a-chaussures-3-en-1-7500.png"
"Rangement","Etagere a chaussures multifonction","6500","photos/Rangement/003-Etagere-a-chaussures-multifonction-6500.png"
"Rangement","Meuble a chaussures anti poussiere","8500","photos/Rangement/004-Meuble-a-chaussures-anti-poussiere-8500.png"
"Rangement","Range chaussures 2 niveaux","4500","photos/Rangement/005-Range-chaussures-2-niveaux-4500.png"
"Rangement","Penderie gain de place","7500","photos/Rangement/006-Penderie-gain-de-place-7500.png"
"Rangement","Portant a vetements multifonction","7500","photos/Rangement/007-Portant-a-vetements-multifonction-7500.png"
"Rangement","Portant a vetements multifonction ferme","11000","photos/Rangement/008-Portant-a-vetements-multifonction-ferme-11000.png"
"Rangement","Portant a vetements multifonction premium","12000","photos/Rangement/009-Portant-a-vetements-multifonction-premium-12000.png"
"Rangement","Portant a vetements rotatif 360","8000","photos/Rangement/010-Portant-a-vetements-rotatif-360-8000.png"
"Rangement","Portant a vetements sur pied","13000","photos/Rangement/011-Portant-a-vetements-sur-pied-13000.png"
"Rangement","Porte manteau a roulettes 360","6500","photos/Rangement/012-Porte-manteau-a-roulettes-360-6500.png"
"Rangement","Porte manteau avec etageres a chaussures","13000","photos/Rangement/013-Porte-manteau-avec-etageres-a-chaussures-13000.png"
"Rangement","Porte manteau multifonction","8500","photos/Rangement/014-Porte-manteau-multifonction-8500.png"
"Rangement","Commode de rangement 4 tiroirs","22000","photos/Rangement/015-Commode-de-rangement-4-tiroirs-22000.png"
"Rangement","Etagere d angle salle de bain","8500","photos/Rangement/016-Etagere-d-angle-salle-de-bain-8500.png"
"Rangement","Etagere de bureau multifonction","4000","photos/Rangement/017-Etagere-de-bureau-multifonction-4000.png"
"Rangement","Etagere de rangement compacte","4000","photos/Rangement/018-Etagere-de-rangement-compacte-4000.png"
"Rangement","Etagere fermee anti poussiere","13000","photos/Rangement/019-Etagere-fermee-anti-poussiere-13000.png"
"Rangement","Etagere WC multifonction","9500","photos/Rangement/020-Etagere-WC-multifonction-9500.png"
"Rangement","Rangement d entree 3 en 1","8500","photos/Rangement/021-Rangement-d-entree-3-en-1-8500.png"
"Rangement","Rangement intelligent du quotidien","12000","photos/Rangement/022-Rangement-intelligent-du-quotidien-12000.png"
"Rangement","Rangement intelligent salle de bain","17500","photos/Rangement/023-Rangement-intelligent-salle-de-bain-17500.png"
"Rangement","Support a poubelle avec rangement","11000","photos/Rangement/024-Support-a-poubelle-avec-rangement-11000.png"
"Rangement","Petite table d appoint elegante fonctionnelle","4000","photos/Rangement/025-Petite-table-d-appoint-elegante-fonctionnelle-4000.png"
"Rangement","Sechoir pliant multifonction","9500","photos/Rangement/026-Sechoir-pliant-multifonction-9500.png"
"Rangement","Table d appoint papillon","5000","photos/Rangement/027-Table-d-appoint-papillon-5000.png"
"Sante-Bien-etre","Bain de pieds chaud et relaxant","14500","photos/Sante-Bien-etre/001-Bain-de-pieds-chaud-et-relaxant-14500.png"
"Sante-Bien-etre","Etireur lombaire","5000","photos/Sante-Bien-etre/002-Etireur-lombaire-5000.png"
"Sante-Bien-etre","Masseur cervical intelligent","3500","photos/Sante-Bien-etre/003-Masseur-cervical-intelligent-3500.png"
"Sante-Bien-etre","Masseur corporel 6 en 1","8500","photos/Sante-Bien-etre/004-Masseur-corporel-6-en-1-8500.png"
"Sante-Bien-etre","Masseur cranien relaxant","6500","photos/Sante-Bien-etre/005-Masseur-cranien-relaxant-6500.png"
"Sante-Bien-etre","Masseur de cou et d epaules","8500","photos/Sante-Bien-etre/006-Masseur-de-cou-et-d-epaules-8500.png"
"Sante-Bien-etre","Mini masseur corps et relaxation","7500","photos/Sante-Bien-etre/007-Mini-masseur-corps-et-relaxation-7500.png"
"Sante-Bien-etre","Pistolet de massage 5 tetes","0","photos/Sante-Bien-etre/008-Pistolet-de-massage-5-tetes-0000.png"
"Sante-Bien-etre","Correcteur de posture femme","3500","photos/Sante-Bien-etre/009-Correcteur-de-posture-femme-3500.png"
"Sante-Bien-etre","Correcteur de posture homme","6000","photos/Sante-Bien-etre/010-Correcteur-de-posture-homme-6000.png"
"Sante-Bien-etre","Glucometre","5500","photos/Sante-Bien-etre/011-Glucometre-5500.png"
"Sante-Bien-etre","Pese personne intelligent","5500","photos/Sante-Bien-etre/012-Pese-personne-intelligent-5500.png"
"Sante-Bien-etre","Surveillance pression arterielle","5000","photos/Sante-Bien-etre/013-Surveillance-pression-arterielle-5000.png"
"Sante-Bien-etre","Tensiometre electronique","7000","photos/Sante-Bien-etre/014-Tensiometre-electronique-7000.png"
"Sante-Bien-etre","Roue abdominale","6000","photos/Sante-Bien-etre/015-Roue-abdominale-6000.png"
"Sante-Bien-etre","Roue abdominale a rebond automatique","9500","photos/Sante-Bien-etre/016-Roue-abdominale-a-rebond-automatique-9500.png"
