"Category","OldName","NewName"
"Autres produits","020-Aspirateur-cyclonique-puissant-6500.png","001-Aspirateur-cyclonique-puissant-6500.png"
"Autres produits","002-Matelas-gonflable-double-11000.jpg","002-Matelas-gonflable-double-11000.jpg"
"Autres produits","003-Matelas-gonflable-voiture-12000.png","003-Matelas-gonflable-voiture-12000.png"
"Autres produits","005-Lampe-de-camping-solaire-LED-3500.png","004-Lampe-de-camping-solaire-LED-3500.png"
"Autres produits","005-Lampe-murale-solaire-intelligente-7500.png","005-Lampe-murale-solaire-intelligente-7500.png"
"Autres produits","006-Lampe-solaire-d-exterieur-7500.png","006-Lampe-solaire-d-exterieur-7500.png"
"Autres produits","007-Lampe-solaire-haute-performance-3500.png","007-Lampe-solaire-haute-performance-3500.png"
"Autres produits","008-Lampe-solaire-portable-5500.png","008-Lampe-solaire-portable-5500.png"
"Autres produits","009-Projecteur-LED-solaire-7000.png","009-Projecteur-LED-solaire-7000.png"
"Autres produits","010-Projecteur-solaire-LED-puissant-6500.png","010-Projecteur-solaire-LED-puissant-6500.png"
"Autres produits","011-Ventilateur-LED-camping-3-en-1-5500.png","011-Ventilateur-LED-camping-3-en-1-5500.png"
"Autres produits","012-Bouteille-isotherme-3500.png","012-Bouteille-isotherme-3500.png"
"Autres produits","013-Bouteille-isotherme-acier-inoxydable-5000.png","013-Bouteille-isotherme-acier-inoxydable-5000.png"
"Autres produits","014-Gourde-isolee-sport-3000.png","014-Gourde-isolee-sport-3000.png"
"Autres produits","015-Gourde-isotherme-coloree-3000.png","015-Gourde-isotherme-coloree-3000.png"
"Autres produits","016-Cle-a-douilles-universelle-8-en-1-3000.png","016-Cle-a-douilles-universelle-8-en-1-3000.png"
"Autres produits","017-Devidoir-de-tuyau-portable-12000.png","017-Devidoir-de-tuyau-portable-12000.png"
"Autres produits","004-Pompe-a-air-electrique-compacte-2500.png","018-Pompe-a-air-electrique-compacte-2500.png"
"Autres produits","004-Pompe-a-main-puissante-polyvalente-2000.png","019-Pompe-a-main-puissante-polyvalente-2000.png"
"Beaute","004-Boucleur-automatique-rapide-7000.png","001-Boucleur-automatique-rapide-7000.png"
"Beaute","005-Boucleur-francais-30-secondes-6000.png","002-Boucleur-francais-30-secondes-6000.png"
"Beaute","003-Brosse-soufflante-3-en-1-6500.png","003-Brosse-soufflante-3-en-1-6500.png"
"Beaute","001-Hot-air-styler-5-en-1-7500.png","004-Hot-air-styler-5-en-1-7500.png"
"Beaute","002-Peigne-coiffant-3-en-1-3500.png","005-Peigne-coiffant-3-en-1-3500.png"
"Beaute","006-Seche-cheveux-sans-fil-2-en-1-8000.png","006-Seche-cheveux-sans-fil-2-en-1-8000.png"
"Beaute","007-Appareil-de-massage-raffermissant-4-en-1-5500.png","007-Appareil-de-massage-raffermissant-4-en-1-5500.png"
"Beaute","008-Bustier-amincissant-5000.png","008-Bustier-amincissant-5000.png"
"Beaute","009-Bustier-amincissant-sans-bretelles-5000.png","009-Bustier-amincissant-sans-bretelles-5000.png"
"Beaute","010-Eclairage-miroir-parfait-0000.png","010-Eclairage-miroir-parfait-0000.png"
"Beaute","011-Miroir-de-maquillage-LED-3000.png","011-Miroir-de-maquillage-LED-3000.png"
"Beaute","012-Organisateur-cosmetique-rotatif-360-7000.png","012-Organisateur-cosmetique-rotatif-360-7000.png"
"Beaute","013-Organisateur-maquillage-elegant-7500.png","013-Organisateur-maquillage-elegant-7500.png"
"Beaute","014-Support-de-manucure-avec-loupe-et-lumiere-5000.png","014-Support-de-manucure-avec-loupe-et-lumiere-5000.png"
"Cuisine","002-Blender-2-en-1-15000.png","001-Blender-2-en-1-15000.png"
"Cuisine","003-Hachoir-a-ail-rapide-2500.png","002-Hachoir-a-ail-rapide-2500.png"
"Cuisine","001-Hachoir-electrique-3L-8500.jpg","003-Hachoir-electrique-3L-8500.jpg"
"Cuisine","004-Hachoir-electrique-intelligent-sans-fil-2500.png","004-Hachoir-electrique-intelligent-sans-fil-2500.png"
"Cuisine","005-Hachoir-electrique-multifonction-9500.png","005-Hachoir-electrique-multifonction-9500.png"
"Cuisine","006-Hachoir-polyvalent-manuel-5000.png","006-Hachoir-polyvalent-manuel-5000.png"
"Cuisine","007-Mini-blender-portable-3500.png","007-Mini-blender-portable-3500.png"
"Cuisine","008-Mixeur-electrique-sans-fil-4000.png","008-Mixeur-electrique-sans-fil-4000.png"
"Cuisine","009-Mixeur-multifonction-6000.png","009-Mixeur-multifonction-6000.png"
"Cuisine","010-Moulin-multifonction-6000.png","010-Moulin-multifonction-6000.png"
"Cuisine","011-Batteur-a-oeufs-electrique-sans-fil-4500.png","011-Batteur-a-oeufs-electrique-sans-fil-4500.png"
"Cuisine","012-Batteur-electrique-portatif-6000.png","012-Batteur-electrique-portatif-6000.png"
"Cuisine","013-Batteur-electrique-portatif-blanc-5000.png","013-Batteur-electrique-portatif-blanc-5000.png"
"Cuisine","014-Batteur-electrique-pour-patisserie-5000.png","014-Batteur-electrique-pour-patisserie-5000.png"
"Cuisine","015-Batteur-electrique-sans-fil-2-en-1-5000.png","015-Batteur-electrique-sans-fil-2-en-1-5000.png"
"Cuisine","016-Batteur-manuel-3500.png","016-Batteur-manuel-3500.png"
"Cuisine","017-Melangeur-manuel-3000.png","017-Melangeur-manuel-3000.png"
"Cuisine","018-Cafetiere-electrique-turque-3500.png","018-Cafetiere-electrique-turque-3500.png"
"Cuisine","019-Ensemble-de-batterie-de-cuisine-10-pieces-12000.png","019-Ensemble-de-batterie-de-cuisine-10-pieces-12000.png"
"Cuisine","020-Lunch-box-electrique-7000.png","020-Lunch-box-electrique-7000.png"
"Cuisine","021-Robinet-electrique-chauffage-instantane-12000.png","021-Robinet-electrique-chauffage-instantane-12000.png"
"Cuisine","022-Coupe-frites-polyvalent-3500.png","022-Coupe-frites-polyvalent-3500.png"
"Cuisine","023-Mandoline-de-cuisine-multifonction-6000.png","023-Mandoline-de-cuisine-multifonction-6000.png"
"Cuisine","024-Presse-agrumes-electrique-5500.png","024-Presse-agrumes-electrique-5500.png"
"Cuisine","025-Rape-a-mais-multifonction-2500.png","025-Rape-a-mais-multifonction-2500.png"
"Cuisine","026-Trancheur-d-ananas-1500.png","026-Trancheur-d-ananas-1500.png"
"Cuisine","027-Trancheuse-a-fromage-tout-en-un-4000.png","027-Trancheuse-a-fromage-tout-en-un-4000.png"
"Cuisine","028-Boite-a-riz-anti-insectes-9000.png","028-Boite-a-riz-anti-insectes-9000.png"
"Cuisine","029-Boites-a-epices-magnetiques-3000.png","029-Boites-a-epices-magnetiques-3000.png"
"Cuisine","030-DISTRIBUTEUR-DE-RIZ-12L-GRANDE-CAPACITE-10000.png","030-DISTRIBUTEUR-DE-RIZ-12L-GRANDE-CAPACITE-10000.png"
"Cuisine","031-Egouttoir-a-couverts-3500.png","031-Egouttoir-a-couverts-3500.png"
"Cuisine","032-Egouttoir-reglable-pour-evier-4000.png","032-Egouttoir-reglable-pour-evier-4000.png"
"Cuisine","033-Etagere-de-rangement-3-niveaux-3500.png","033-Etagere-de-rangement-3-niveaux-3500.png"
"Cuisine","034-Etagere-reglable-sous-evier-5000.png","034-Etagere-reglable-sous-evier-5000.png"
"Cuisine","035-Filtre-a-eau-transparent-5000.png","035-Filtre-a-eau-transparent-5000.png"
"Cuisine","036-Organisateur-de-cuisine-rotatif-4000.png","036-Organisateur-de-cuisine-rotatif-4000.png"
"Cuisine","037-Pot-a-epices-retractable-1500.png","037-Pot-a-epices-retractable-1500.png"
"Cuisine","038-Balance-de-cuisine-numerique-3500.png","038-Balance-de-cuisine-numerique-3500.png"
"Cuisine","039-Planche-a-decouper-antibacterienne-7000.png","039-Planche-a-decouper-antibacterienne-7000.png"
"Cuisine","040-Hachage-rapide-cuisine-facile-2500.png","040-Hachage-rapide-cuisine-facile-2500.png"
"Eclairage","023-Lampe-magnetique-pour-selfie-4000.png","001-Lampe-magnetique-pour-selfie-4000.png"
"Eclairage","014-Perche-a-selfie-R1S-L-3000.jpg","002-Perche-a-selfie-R1S-L-3000.jpg"
"Eclairage","002-Ring-light-14-pouces-7500.png","003-Ring-light-14-pouces-7500.png"
"Eclairage","003-Ring-light-18-pouces-15000.png","004-Ring-light-18-pouces-15000.png"
"Eclairage","001-Ring-light-LED-12-pouces-6000.png","005-Ring-light-LED-12-pouces-6000.png"
"Eclairage","004-Ring-light-RGB-14-pouces-7500.png","006-Ring-light-RGB-14-pouces-7500.png"
"Eclairage","005-Ring-light-RGB-18-pouces-15000.png","007-Ring-light-RGB-18-pouces-15000.png"
"Eclairage","015-Selfie-stick-avec-double-lumiere-5500.png","008-Selfie-stick-avec-double-lumiere-5500.png"
"Eclairage","015-Trepied-leger-multifonction-3500.png","009-Trepied-leger-multifonction-3500.png"
"Eclairage","016-Trepied-suiveur-intelligent-9500.png","010-Trepied-suiveur-intelligent-9500.png"
"Eclairage","013-Eclairage-LED-professionnel-9500.png","011-Eclairage-LED-professionnel-9500.png"
"Eclairage","012-Eclairage-LED-rechargeable-23000.png","012-Eclairage-LED-rechargeable-23000.png"
"Eclairage","011-Eclairage-parfait-pour-creations-18000.png","013-Eclairage-parfait-pour-creations-18000.png"
"Eclairage","009-Lampe-d-eclairage-photo-et-direct-PL-48-13500.png","014-Lampe-d-eclairage-photo-et-direct-PL-48-13500.png"
"Eclairage","022-Lampe-de-remplissage-RGB-a-clip-4000.png","015-Lampe-de-remplissage-RGB-a-clip-4000.png"
"Eclairage","007-Lampe-video-LED-RL-1800-13000.png","016-Lampe-video-LED-RL-1800-13000.png"
"Eclairage","006-Lampe-video-LED-RL-900-10000.png","017-Lampe-video-LED-RL-900-10000.png"
"Eclairage","009-Lumiere-LED-RGB-studio-20000.png","018-Lumiere-LED-RGB-studio-20000.png"
"Eclairage","010-Lumiere-spot-RGB-sans-filtre-15000.png","019-Lumiere-spot-RGB-sans-filtre-15000.png"
"Eclairage","020-Bande-LED-10-metres-5500.png","020-Bande-LED-10-metres-5500.png"
"Eclairage","021-Bande-LED-neon-360-9500.png","021-Bande-LED-neon-360-9500.png"
"Eclairage","019-Bande-lumineuse-neon-silicone-5500.png","022-Bande-lumineuse-neon-silicone-5500.png"
"Eclairage","017-Guirlande-lumineuse-LED-5-m-4500.png","023-Guirlande-lumineuse-LED-5-m-4500.png"
"Eclairage","018-Ruban-LED-intelligent-4500.png","024-Ruban-LED-intelligent-4500.png"
"Eclairage","008-Lampe-d-appoint-LED-professionnelle-9000.png","025-Lampe-d-appoint-LED-professionnelle-9000.png"
"Maison","001-Aspirateur-a-acariens-et-masseur-tactile-9500.png","001-Aspirateur-a-acariens-et-masseur-tactile-9500.png"
"Maison","002-Aspirateur-sans-fil-voiture-6500.png","002-Aspirateur-sans-fil-voiture-6500.png"
"Maison","003-Lampe-ventilateur-2-en-1-5000.png","003-Lampe-ventilateur-2-en-1-5000.png"
"Maison","004-Mini-climatiseur-portable-5000.png","004-Mini-climatiseur-portable-5000.png"
"Maison","005-Mini-ventilateur-brumisateur-2500.png","005-Mini-ventilateur-brumisateur-2500.png"
"Maison","006-Refroidisseur-d-air-ultra-rapide-6500.png","006-Refroidisseur-d-air-ultra-rapide-6500.png"
"Maison","007-Ventilateur-a-pince-flexible-2000.png","007-Ventilateur-a-pince-flexible-2000.png"
"Maison","008-Ventilateur-de-bureau-pliable-3500.png","008-Ventilateur-de-bureau-pliable-3500.png"
"Maison","009-Ventilateur-portable-humidificateur-6000.png","009-Ventilateur-portable-humidificateur-6000.png"
"Maison","010-Balai-rotatif-lavage-essorage-7500.png","010-Balai-rotatif-lavage-essorage-7500.png"
"Maison","011-Brosse-de-nettoyage-electrique-7-en-1-9500.png","011-Brosse-de-nettoyage-electrique-7-en-1-9500.png"
"Maison","012-Diffuseur-d-arome-effet-flamme-5000.png","012-Diffuseur-d-arome-effet-flamme-5000.png"
"Maison","013-Diffuseur-d-aromes-effet-flamme-realiste-6500.png","013-Diffuseur-d-aromes-effet-flamme-realiste-6500.png"
"Maison","014-Humidificateur-cristal-5000.png","014-Humidificateur-cristal-5000.png"
"Maison","015-Humidificateur-d-air-16-h-7000.png","015-Humidificateur-d-air-16-h-7000.png"
"Maison","016-Humidificateur-d-air-lumineux-3500.png","016-Humidificateur-d-air-lumineux-3500.png"
"Maison","017-Humidificateur-et-projecteur-etoile-4000.png","017-Humidificateur-et-projecteur-etoile-4000.png"
"Maison","018-Ampoule-anti-moustiques-2000.png","018-Ampoule-anti-moustiques-2000.png"
"Maison","019-Camera-de-securite-360-9500.png","019-Camera-de-securite-360-9500.png"
"Maison","020-Fer-a-repasser-electrique-haute-performance-7500.png","020-Fer-a-repasser-electrique-haute-performance-7500.png"
"Maison","021-Lampe-acrylique-lumineuse-LED-5000.png","021-Lampe-acrylique-lumineuse-LED-5000.png"
"Maison","022-Lampe-de-bureau-led-portable-3000.png","022-Lampe-de-bureau-led-portable-3000.png"
"Maison","023-Lampe-de-nuit-a-detection-ventouse-2500.png","023-Lampe-de-nuit-a-detection-ventouse-2500.png"
"Maison","024-Mini-machine-a-coudre-8500.png","024-Mini-machine-a-coudre-8500.png"
"Maison","025-Pompe-a-eau-elegante-3000.png","025-Pompe-a-eau-elegante-3000.png"
"Maison","026-Porte-bebe-securise-et-confortable-5000.png","026-Porte-bebe-securise-et-confortable-5000.png"
"Maison","027-Porte-brosse-a-dents-intelligent-6500.png","027-Porte-brosse-a-dents-intelligent-6500.png"
"Maison","028-Rasoir-anti-bouloches-2500.png","028-Rasoir-anti-bouloches-2500.png"
"Maison","029-Support-mural-TV-pour-ecran-plat-3500.png","029-Support-mural-TV-pour-ecran-plat-3500.png"
"Maison","030-Support-mural-TV-reglable-3000.png","030-Support-mural-TV-reglable-3000.png"
"Rangement","001-Etagere-a-chaussures-20-paires-8500.png","001-Etagere-a-chaussures-20-paires-8500.png"
"Rangement","002-Etagere-a-chaussures-3-en-1-7500.png","002-Etagere-a-chaussures-3-en-1-7500.png"
"Rangement","003-Etagere-a-chaussures-multifonction-6500.png","003-Etagere-a-chaussures-multifonction-6500.png"
"Rangement","004-Meuble-a-chaussures-anti-poussiere-8500.png","004-Meuble-a-chaussures-anti-poussiere-8500.png"
"Rangement","005-Range-chaussures-2-niveaux-4500.png","005-Range-chaussures-2-niveaux-4500.png"
"Rangement","006-Penderie-gain-de-place-7500.png","006-Penderie-gain-de-place-7500.png"
"Rangement","007-Portant-a-vetements-multifonction-7500.png","007-Portant-a-vetements-multifonction-7500.png"
"Rangement","008-Portant-a-vetements-multifonction-ferme-11000.png","008-Portant-a-vetements-multifonction-ferme-11000.png"
"Rangement","009-Portant-a-vetements-multifonction-premium-12000.png","009-Portant-a-vetements-multifonction-premium-12000.png"
"Rangement","010-Portant-a-vetements-rotatif-360-8000.png","010-Portant-a-vetements-rotatif-360-8000.png"
"Rangement","011-Portant-a-vetements-sur-pied-13000.png","011-Portant-a-vetements-sur-pied-13000.png"
"Rangement","012-Porte-manteau-a-roulettes-360-6500.png","012-Porte-manteau-a-roulettes-360-6500.png"
"Rangement","013-Porte-manteau-avec-etageres-a-chaussures-13000.png","013-Porte-manteau-avec-etageres-a-chaussures-13000.png"
"Rangement","014-Porte-manteau-multifonction-8500.png","014-Porte-manteau-multifonction-8500.png"
"Rangement","015-Commode-de-rangement-4-tiroirs-22000.png","015-Commode-de-rangement-4-tiroirs-22000.png"
"Rangement","016-Etagere-d-angle-salle-de-bain-8500.png","016-Etagere-d-angle-salle-de-bain-8500.png"
"Rangement","017-Etagere-de-bureau-multifonction-4000.png","017-Etagere-de-bureau-multifonction-4000.png"
"Rangement","018-Etagere-de-rangement-compacte-4000.png","018-Etagere-de-rangement-compacte-4000.png"
"Rangement","019-Etagere-fermee-anti-poussiere-13000.png","019-Etagere-fermee-anti-poussiere-13000.png"
"Rangement","020-Etagere-WC-multifonction-9500.png","020-Etagere-WC-multifonction-9500.png"
"Rangement","021-Rangement-d-entree-3-en-1-8500.png","021-Rangement-d-entree-3-en-1-8500.png"
"Rangement","022-Rangement-intelligent-du-quotidien-12000.png","022-Rangement-intelligent-du-quotidien-12000.png"
"Rangement","023-Rangement-intelligent-salle-de-bain-17500.png","023-Rangement-intelligent-salle-de-bain-17500.png"
"Rangement","024-Support-a-poubelle-avec-rangement-11000.png","024-Support-a-poubelle-avec-rangement-11000.png"
"Rangement","025-Petite-table-d-appoint-elegante-fonctionnelle-4000.png","025-Petite-table-d-appoint-elegante-fonctionnelle-4000.png"
"Rangement","026-Sechoir-pliant-multifonction-9500.png","026-Sechoir-pliant-multifonction-9500.png"
"Rangement","027-Table-d-appoint-papillon-5000.png","027-Table-d-appoint-papillon-5000.png"
"Sante-Bien-etre","001-Bain-de-pieds-chaud-et-relaxant-14500.png","001-Bain-de-pieds-chaud-et-relaxant-14500.png"
"Sante-Bien-etre","002-Etireur-lombaire-5000.png","002-Etireur-lombaire-5000.png"
"Sante-Bien-etre","003-Masseur-cervical-intelligent-3500.png","003-Masseur-cervical-intelligent-3500.png"
"Sante-Bien-etre","004-Masseur-corporel-6-en-1-8500.png","004-Masseur-corporel-6-en-1-8500.png"
"Sante-Bien-etre","005-Masseur-cranien-relaxant-6500.png","005-Masseur-cranien-relaxant-6500.png"
"Sante-Bien-etre","006-Masseur-de-cou-et-d-epaules-8500.png","006-Masseur-de-cou-et-d-epaules-8500.png"
"Sante-Bien-etre","007-Mini-masseur-corps-et-relaxation-7500.png","007-Mini-masseur-corps-et-relaxation-7500.png"
"Sante-Bien-etre","008-Pistolet-de-massage-5-tetes-0000.png","008-Pistolet-de-massage-5-tetes-0000.png"
"Sante-Bien-etre","009-Correcteur-de-posture-femme-3500.png","009-Correcteur-de-posture-femme-3500.png"
"Sante-Bien-etre","010-Correcteur-de-posture-homme-6000.png","010-Correcteur-de-posture-homme-6000.png"
"Sante-Bien-etre","011-Glucometre-5500.png","011-Glucometre-5500.png"
"Sante-Bien-etre","012-Pese-personne-intelligent-5500.png","012-Pese-personne-intelligent-5500.png"
"Sante-Bien-etre","013-Surveillance-pression-arterielle-5000.png","013-Surveillance-pression-arterielle-5000.png"
"Sante-Bien-etre","014-Tensiometre-electronique-7000.png","014-Tensiometre-electronique-7000.png"
"Sante-Bien-etre","015-Roue-abdominale-6000.png","015-Roue-abdominale-6000.png"
"Sante-Bien-etre","016-Roue-abdominale-a-rebond-automatique-9500.png","016-Roue-abdominale-a-rebond-automatique-9500.png"
